{"cameraMode":{"drawMode":0,"name":"Shaded","section":"Shading Mode"},"sceneLighting":true,"audioPlay":false,"sceneViewState":{"m_AlwaysRefresh":false,"showFog":true,"showSkybox":true,"showFlares":true,"showImageEffects":true,"showParticleSystems":true,"showVisualEffectGraphs":true,"m_FxEnabled":true},"in2DMode":false,"pivot":{"x":0.3876967430114746,"y":0.3730158805847168,"z":0.5202441215515137},"rotation":{"x":-0.12907686829566956,"y":0.8648368120193481,"z":-0.28353872895240786,"w":-0.3937041759490967},"size":0.42434966564178469,"orthographic":false}